<?xml version="1.0" encoding="UTF-8"?>
<project-private xmlns="http://www.netbeans.org/ns/project-private/1">
    <editor-bookmarks xmlns="http://www.netbeans.org/ns/editor-bookmarks/2" lastBookmarkId="0"/>
    <open-files xmlns="http://www.netbeans.org/ns/projectui-open-files/2">
        <group>
            <file>file:/C:/Users/Mr.%20Thakur/Documents/NetBeansProjects/Library/src/choose.java</file>
            <file>file:/C:/Users/Mr.%20Thakur/Documents/NetBeansProjects/Library/src/adminForgot.java</file>
            <file>file:/C:/Users/Mr.%20Thakur/Documents/NetBeansProjects/Library/src/adminWelcome.java</file>
            <file>file:/C:/Users/Mr.%20Thakur/Documents/NetBeansProjects/Library/src/adminBookCatName.java</file>
            <file>file:/C:/Users/Mr.%20Thakur/Documents/NetBeansProjects/Library/src/launch.java</file>
            <file>file:/C:/Users/Mr.%20Thakur/Documents/NetBeansProjects/Library/src/progress.java</file>
            <file>file:/C:/Users/Mr.%20Thakur/Documents/NetBeansProjects/Library/src/adminLogin.java</file>
        </group>
    </open-files>
</project-private>
